quarter,quarter,營業收入,營業收入成長率,營業收入(近四期),營業收入成長率(近四期),營業收入平均成長率,營業收入平均成長率(近四期),營業成本,營業成本費率,營業成本(近四期),營業成本費率(近四期),營業成本成長率(近四期),營業毛利,營業費用,推銷費用,管理費用,研究發展費用,營業利益,營業利益(近四期),營業利益率(近四期),營業利益率成長率(近四期),營業外收入及支出,稅前淨利,淨利,合併淨利,毛利率,營業費用率,營業利益率,淨利率,所得稅費用,合併淨利率,母公司淨利,母公司淨利率,母公司淨利率成長率,母公司淨利(近四期),母公司淨利成長率(近四期),母公司淨利率中位數成長率,非母公司淨利,每股盈餘,每股盈餘(近四期),每股盈餘成長率(近四期),現金及約當現金,應付帳款,應收帳款,存貨,流動資產,資產總計,合約負債,流動負債,負債總計,資本公積,法定盈餘公積,特別盈餘公積,保留盈餘,普通股股本,股本,普通股數,權益總計,負債及權益總計,現金CF,現金成長率,營業活動,折舊費用,攤銷費用,合約負債增減,融資活動,已付股利,投資活動,廠房及設備投資活動,淨現金流,付款天數,收款天數,出貨天數,營運天數,付款週轉率,收款週轉率,存貨週轉率,自由現金流,營業現金流對負債比,營業現金對流動負債比,營業現金流對淨利比,淨值,負債比,本業,業外,現金股利,股利發放比例,股東權益乘數,總資產週轉率,股東權益報酬率,資產報酬率,date,datetime,start,quarter.1,end,year,ns,Q,營業收入_TTM,營業收入_TTM_Change,營業收入_TTM_YoY,營業成本_TTM,營業成本_TTM_Change,營業成本_TTM_YoY,營業成本_TTM_%,營業毛利_TTM,營業毛利_TTM_Change,營業毛利_TTM_YoY,營業毛利_TTM_%,營業費用_TTM,營業費用_TTM_Change,營業費用_TTM_YoY,營業費用_TTM_%,每股盈餘_YTD,每股盈餘_YTD_YoY,每股盈餘_TTM,每股盈餘_TTM_Change,每股盈餘_TTM_YoY,現金股利_TTM,股利配發率,普通股數_Change,本益比平均數,本益比最大值,本益比最小值,淨值比平均數,淨值比最大值,淨值比最小值,open,high,low,close,本益比平均數_TTM,本益比平均數_TTM_YoY
2012Q1,2012Q1,105614831000.0,,,,0.0445230980649031,0.1364362895044197,55210347000.0,0.5227518377603615,,,,50404484000.0,14915291000.0,1100435000.0,4657004000.0,9157852000.0,35117313000.0,,,,555741000.0,35673054000.0,33382936000.0,31080988000.0,0.4772481622396385,0.1412234518464551,0.3325036140047414,0.316081895732996,2290118000.0,0.2942862068301752,33491634000.0,0.3171110883091788,,,,0.0438051124459535,-108698000.0,1.29,,,143472277000.0,10530487000.0,45830288000.0,24840582000.0,224392169000.0,779550815000.0,0,122074950000.0,149622170000.0,55471662000.0,102399995000.0,6433874000.0,320464327000.0,259162226000.0,259162226000.0,25916222600.0,629928645000.0,,170819939000.0,,56101634000.0,27477221000.0,528186000.0,0,20596856000.0,0.0,-47757582000.0,-48570613000.0,27347662000.0,,,40.493358609030295,,,,2.222586693017096,8344052000.0,2.666984173758647,2.1759606859222678,0.5969814355139816,24.30634489919839,0.1919338253786573,0.9844212665391644,0.0155787334608357,-0.0,-0.0,1.2375224101771083,0.1354816504168493,5.316734564436263,4.296273360961081,2012Q1,2012-01-01,2012-01-01,2012Q1,2012-03-31,2012,1325347200000000000,Q1,,,,,,,,,,,,,,,,1.29,,,,,,,,,,,3.2631610211371225,3.558741569690008,3.0691574693511514,75.0,86.5,74.6,84.9,,
2012Q2,2012Q2,128186331000.0,0.2137152498970528,,,0.0445230980649031,0.1364362895044197,65579011000.0,0.5115912943947198,,,,62607320000.0,15538069000.0,1104741000.0,4364938000.0,10068390000.0,46872088000.0,,,,-915157000.0,45956931000.0,41799616000.0,44248125000.0,0.4884087056052801,0.1212147104826645,0.3656558982096148,0.3260848147685887,4157315000.0,0.3451859855478663,41843339000.0,0.326425904178504,0.2493669015969779,,,0.0438051124459535,-43723000.0,1.61,,,178440559000.0,14126994000.0,60610432000.0,30780466000.0,284584019000.0,890590164000.0,0,218355100000.0,262652910000.0,55596476000.0,115820123000.0,7606224000.0,318050632000.0,259207094000.0,259207094000.0,25920709400.0,627937254000.0,,178440559000.0,0.0446120051594211,68667099000.0,31900131000.0,560700000.0,0,-4508096000.0,0.0,-57279337000.0,-59467478000.0,7620620000.0,16.91984414037595,37.36617128077408,42.242813634380674,79.60898491515475,5.319197934290206,2.4085957141214376,2.130539901507664,11387762000.0,3.825018295879953,3.1799086197015547,0.6093651779289525,24.22531128719803,0.2949200660608239,1.019913361925756,-0.019913361925756,-0.0,-0.0,1.418278909758713,0.1439341418551754,6.663617858863331,4.698383239723271,2012Q2,2012-04-01,2012-04-01,2012Q2,2012-06-30,2012,1333209600000000000,Q2,,,,,,,,,,,,,,,,2.9000000000000004,,,,,,,0.00017312708218519823,,,,3.4083464600055526,3.7068667120680177,3.1413425032113156,84.8,89.8,76.1,81.3,,
2012Q3,2012Q3,141499253000.0,0.103856018782533,,,0.0445230980649031,0.1364362895044197,72344501000.0,0.511271257382539,,,,69154752000.0,16370354000.0,1234982000.0,4478517000.0,10656855000.0,52797978000.0,,,,964363000.0,53762341000.0,49422294000.0,47121878000.0,0.488728742617461,0.1156921584596634,0.3731325563958984,0.3492760064252777,4340047000.0,0.333018563709308,49379633000.0,0.3489745136675739,0.1801073762301808,,,0.0438051124459535,42661000.0,1.9,,,138738113000.0,13773108000.0,64386937000.0,33249045000.0,249575097000.0,885771436000.0,0,125952667000.0,210684119000.0,55630425000.0,115820123000.0,7606224000.0,367430265000.0,259220476000.0,259220476000.0,25922047600.0,675087317000.0,,138738113000.0,-0.2224967587105575,75395863000.0,34124335000.0,553718000.0,0,-39313949000.0,-77748668000.0,-74510237000.0,-78333589000.0,-39702446000.0,17.35452691836246,39.75202331986869,41.36339332826416,81.11541664813285,5.185966775318599,2.264035701423444,2.1758369601292307,885626000.0,2.794372404756478,1.6705514333060951,0.6549382291704785,26.04297806319899,0.2378538192103092,0.9820624812450038,0.0179375187549961,2.999325871155333,1.5745088263414189,1.3120842499845098,0.1597469135367332,7.314554985188678,5.574760146137744,2012Q3,2012-07-01,2012-07-01,2012Q3,2012-09-30,2012,1341072000000000000,Q3,,,,,,,,,,,,,,,,4.8,,,,,,,5.162667345826044e-05,,,,3.1375420008307238,3.4481463595323327,2.833777297700291,81.5,89.8,73.8,89.8,,
2012Q4,2012Q4,131444819000.0,-0.0710564457891519,506745234000.0,,0.0445230980649031,0.1364362895044197,69449239000.0,0.5283528063589938,262583098000.0,,,61995580000.0,15687161000.0,1055828000.0,4131235000.0,10500098000.0,46389489000.0,181176868000.0,0.357530482467251,,-105359000.0,46284130000.0,41518956000.0,47925443000.0,0.4716471936410061,0.1193440800432004,0.3529198743086252,0.3158660517460182,4765174000.0,0.3646050362776185,41603680000.0,0.3165106111941924,-0.1574728795574483,166318286000.0,,0.0438051124459535,-84724000.0,1.6199999999999992,6.419999999999999,,143410588000.0,14490429000.0,57777586000.0,37830498000.0,250325436000.0,961354508000.0,0,148473947000.0,238260602000.0,55675340000.0,115820123000.0,7606224000.0,408411468000.0,259244357000.0,259244357000.0,25924435700.0,723093906000.0,,143410588000.0,0.0336783807921619,84798564000.0,35666827000.0,538171000.0,0,9636374000.0,0.0,-89770551000.0,-59765681000.0,4672475000.0,18.31350758213492,41.82290010989326,49.02494064765778,90.84784075755104,4.914405369717173,2.1519311134215293,1.8358002847332329,-4971987000.0,2.809724490145847,1.750901666212178,0.4906177420645944,27.89236820302322,0.2478384404684146,1.0022763526072545,-0.0022763526072543,-0.0,-0.0,1.3295016041803014,0.1367287695706109,5.7535652914214985,4.327610642462395,2012Q4,2012-10-01,2012-10-01,2012Q4,2012-12-31,2012,1349020800000000000,Q4,506745234000.0,,,262583098000.0,,,0.5181757624581823,244162136000.0,,,0.4818242375418177,62510875000.0,,,0.12335759826800857,6.419999999999999,,6.419999999999999,,,2.999325871155333,0.4671847151332295,9.212620996801313e-05,14.34867002156722,15.48286604361371,13.161993769470406,3.3026403806212814,3.5636988324722516,3.029502528610717,89.2,99.4,84.5,97.0,,
2013Q1,2013Q1,132754996000.0,0.0099675058322382,533885399000.0,,0.0445230980649031,0.1364362895044197,71988726000.0,0.5422675467520635,279361477000.0,,,60766270000.0,16376304000.0,1029799000.0,4695520000.0,10650985000.0,44428009000.0,190487564000.0,0.3567948558937833,,1319905000.0,45747914000.0,39535543000.0,45443350000.0,0.4577324532479365,0.1233573461898187,0.334661672544512,0.2978083250441287,6212371000.0,0.342309904479979,39576876000.0,0.2981196730253376,-0.0487169404245009,172403528000.0,,0.0438051124459535,-41333000.0,1.53,6.659999999999999,,186028798000.0,12462978000.0,65472529000.0,37833465000.0,297751192000.0,1061629726000.0,0,158206324000.0,292980641000.0,55762572000.0,115820123000.0,7606224000.0,447988344000.0,259282327000.0,259282327000.0,25928232700.0,768649085000.0,,186028798000.0,0.2971761750255148,73569672000.0,35964677000.0,531513000.0,0,44939320000.0,0.0,-77032913000.0,-80418491000.0,42618210000.0,16.848517572043157,41.77812769471968,47.29923752227536,89.07736521699505,5.34171624388709,2.1542372759652197,1.9027790872445864,-3463241000.0,3.9823562214603863,2.1504285624652506,0.5379509643593354,29.645255575016492,0.2759725296162251,0.9711483019750364,0.0288516980249635,-0.0,-0.0,1.3811630648073951,0.1250483033290648,5.148887414599603,3.727935930083405,2013Q1,2013-01-01,2013-01-01,2013Q1,2013-03-31,2013,1356969600000000000,Q1,533885399000.0,0.053557810077005996,,279361477000.0,0.06389740667923727,,0.5232611296792554,254523922000.0,0.04243813627187465,,0.47673887032074463,63971888000.0,0.02337214124742304,,0.11982325817455068,1.53,0.18604651162790686,6.659999999999999,0.03738317757009346,,2.999325871155333,0.4503492299032032,0.00014646413306507178,15.316655941655942,16.441441441441444,14.57957957957958,3.4409866466928523,3.69367704464255,3.2753976350209277,97.6,109.5,97.1,100.5,,
2013Q2,2013Q2,155886320000.0,0.1742407042820445,561585388000.0,,0.0445230980649031,0.1364362895044197,79467520000.0,0.5097786643497646,293249986000.0,,,76418800000.0,18792134000.0,1164693000.0,5685570000.0,11941871000.0,57629082000.0,201244558000.0,0.3583507731864277,,2387597000.0,60016679000.0,51761503000.0,57411414000.0,0.4902213356502354,0.1205502445628327,0.3696865895609056,0.3320464746361323,8255176000.0,0.3682902643413482,51807725000.0,0.3323429855807745,0.3090402840284816,182367914000.0,,0.0438051124459535,-46222000.0,2.0,7.049999999999999,,225832646000.0,14391539000.0,79742708000.0,38614928000.0,352462353000.0,1169885454000.0,0,243631467000.0,423649183000.0,55828587000.0,132436003000.0,2785741000.0,422022762000.0,259283058000.0,259283058000.0,25928305800.0,746236271000.0,,225832646000.0,0.2139660548685585,75238656000.0,37554564000.0,540077000.0,0,41089778000.0,0.0,-76631485000.0,-78400393000.0,39803848000.0,15.206882824580408,41.91955820754509,43.73288004961021,85.6524382571553,5.918372689406404,2.146969191669604,2.0579481593232543,-1392829000.0,5.630738313560519,3.2381156170572742,0.6885785546195828,28.780757090577048,0.3621287721387465,0.9602177754620512,0.0397822245379488,-0.0,-0.0,1.56771454224851,0.1332492163801192,6.942536434281683,4.428444239806746,2013Q2,2013-04-01,2013-04-01,2013Q2,2013-06-30,2013,1364745600000000000,Q2,561585388000.0,0.051883773281464096,,293249986000.0,0.04971519033026883,,0.5221823649015597,268335402000.0,0.0542639760202972,,0.4778176350984403,67225953000.0,0.05086710900262936,,0.1197074468753806,3.5300000000000002,0.2172413793103447,7.049999999999999,0.05855855855855863,,2.999325871155333,0.42543629378089837,2.8193205778848096e-06,15.207766538774562,16.524822695035464,13.829787234042556,3.7252235499205564,4.047843482134896,3.387680167451952,101.0,116.5,97.5,111.0,,
2013Q3,2013Q3,162577034000.0,0.0429204692239832,582663169000.0,,0.0445230980649031,0.1364362895044197,83636464000.0,0.5144420582798921,304541949000.0,,,78940570000.0,19260232000.0,1164881000.0,4738276000.0,13357075000.0,59618054000.0,208064634000.0,0.3570924765282358,,-268170000.0,59349884000.0,51934752000.0,57927783000.0,0.4855579417201079,0.118468344058977,0.3667064931200553,0.3194470382575684,7415132000.0,0.3563097540578825,51951943000.0,0.3195527788998783,0.0027837161349972,184940224000.0,,0.0438051124459535,-17191000.0,2.0,7.15,,216603697000.0,13478598000.0,78844389000.0,36916527000.0,338210837000.0,1177540215000.0,0,148284188000.0,373365454000.0,55841716000.0,132436003000.0,2785741000.0,473974705000.0,259283910000.0,259283910000.0,25928391000.0,804174761000.0,,216603697000.0,-0.040866319212325,95802107000.0,39881540000.0,557892000.0,0,-51498796000.0,-77773307000.0,-52322295000.0,-54821117000.0,-9228949000.0,14.995327456694008,43.89561790750839,39.725345514368,83.62096342187638,6.001869599708104,2.050318557757571,2.265556128830862,43479812000.0,3.897257228382253,1.5478176069760137,0.5422839290998057,31.01522038139582,0.3170723591805313,1.004518458704991,-0.0045184587049908,2.9995423549421174,1.4970240285334468,1.4642839742144058,0.1380649526266922,6.460280217622995,4.411903928053956,2013Q3,2013-07-01,2013-07-01,2013Q3,2013-09-30,2013,1372608000000000000,Q3,582663169000.0,0.03753263786841976,,304541949000.0,0.038506269528006065,,0.5226723863852119,278121220000.0,0.03646860580848732,,0.47732761361478815,70115831000.0,0.0429875348884976,,0.1203368167587061,5.53,0.15208333333333335,7.1499999999999995,0.014184397163120588,,2.9995423549421174,0.41951641327861783,3.2859840768395543e-06,14.247377622377623,15.384615384615385,12.993006993006995,3.2844760974552023,3.5466457644770575,2.995303559271988,109.0,110.0,92.9,100.5,14.780117531093836,
2013Q4,2013Q4,145805847000.0,-0.1031584018195337,597024197000.0,0.1781545379073067,0.0445230980649031,0.1364362895044197,80965110000.0,0.5552939862555718,316057820000.0,1.2036487588397635,0.2036487588397635,64840737000.0,17134564000.0,1157152000.0,3809178000.0,12168234000.0,47754218000.0,209429363000.0,0.3507887352847108,0.0557528578551959,2618427000.0,50372645000.0,44787139000.0,43588638000.0,0.4447060137444282,0.1175163023469147,0.3275192249320426,0.3071697049295972,5585506000.0,0.298949863101169,44810246000.0,0.3073281827991438,-0.1374673705659093,188146790000.0,0.1312453640846202,0.0438051124459535,-23107000.0,1.7299999999999995,7.26,0.1308411214953272,242695447000.0,14670260000.0,71649926000.0,37494893000.0,358486654000.0,1263054977000.0,0,189777934000.0,415279892000.0,55858626000.0,132436003000.0,2785741000.0,518193152000.0,259286171000.0,259286171000.0,25928617100.0,847775085000.0,,242695447000.0,0.1204584702910218,102773102000.0,40579066000.0,572540000.0,0,-2424377000.0,0.0,-75067522000.0,-73954772000.0,26091750000.0,15.644993380482036,46.44699999582321,41.678945041882855,88.12594503770606,5.752639059104991,1.937692423796872,2.159363676541229,27705580000.0,4.040744941220126,1.8465720145335305,0.43601141862975,32.69650215938435,0.3287900365084425,0.9480188701625654,0.0519811298374345,-0.0,-0.0,1.4898467758108271,0.1154390344483001,5.285629029779756,3.5477668681083867,2013Q4,2013-10-01,2013-10-01,2013Q4,2013-12-31,2013,1380556800000000000,Q4,597024197000.0,0.02464722118037299,0.17815453790730662,316057820000.0,0.03781374302559537,0.20364875883976352,0.5293886271078557,280966377000.0,0.010229917012445133,0.15073688985093092,0.4706113728921443,71563234000.0,0.020643027107530187,0.14481254661688858,0.1198665554253909,7.26,0.13084112149532734,7.26,0.01538461538461533,0.13084112149532734,2.9995423549421174,0.41316010398651754,8.720170873610655e-06,14.48294130112312,15.358126721763085,13.774104683195592,3.215822699737178,3.4101507083686,3.058431128581704,100.5,111.5,100.0,105.5,14.813685350982812,
2014Q1,2014Q1,148215172000.0,0.0165242001577618,612484373000.0,0.1472206847147734,0.0445230980649031,0.1364362895044197,77839185000.0,0.525176902942163,321908279000.0,1.1523001755893494,0.1523001755893494,70375987000.0,17876649000.0,1152780000.0,4655977000.0,12067892000.0,52517614000.0,217518968000.0,0.3551420698859202,0.0506314726917639,779711000.0,53297325000.0,47841830000.0,50255975000.0,0.474823097057837,0.1206128141861212,0.3543335900861755,0.3227863204179934,5455495000.0,0.3390744302479371,47866793000.0,0.322954744471099,0.0682108953385348,196436707000.0,0.1394007377853659,0.0438051124459535,-24963000.0,1.85,7.58,0.1381381381381382,242695447000.0,14670260000.0,71649926000.0,37494893000.0,358486654000.0,1262965353000.0,0,189777934000.0,414491629000.0,55858626000.0,132436003000.0,2785741000.0,518891912000.0,259286171000.0,259286171000.0,25928617100.0,848473724000.0,1262965353000.0,231697295000.0,-0.0453166803743129,94860941000.0,40985942000.0,636435000.0,0,7950224000.0,0.0,-115859592000.0,-114905317000.0,-10998152000.0,16.962194555351523,43.507646707045616,43.352719713085385,86.860366420131,5.305917209374613,2.0686018852273484,2.075994322746834,-20998651000.0,4.369465710866183,2.000590885979088,0.5045996012204854,32.723446866744005,0.3281892318070581,0.9853705415797134,0.0146294584202865,-0.0,-0.0,1.4885143962336775,0.1173548994419643,5.6415174266492665,3.790032156171112,2014Q1,2014-01-01,2014-01-01,2014Q1,2014-03-31,2014,1388505600000000000,Q1,612484373000.0,0.02589539264519969,0.14722068471477345,321908279000.0,0.018510723765670534,0.15230017558934938,0.525577946459705,290576094000.0,0.03420237361711087,0.14164551495477906,0.474422053540295,73063579000.0,0.020965304614377844,0.14212009812810278,0.11929051943338316,1.85,0.20915032679738577,7.58,0.0440771349862259,0.13813813813813836,2.9995423549421174,0.39571798877864345,0.0,14.305738786279685,15.633245382585752,13.258575197889183,3.3137554378540193,3.6212566629228933,3.0711923596940993,105.0,118.5,100.5,118.5,14.560956062138747,
2014Q2,2014Q2,183020484000.0,0.2348296164983703,639618537000.0,0.1389515301990015,0.0445230980649031,0.1364362895044197,91826284000.0,0.5017268121747509,334267043000.0,1.139870618783252,0.139870618783252,91194200000.0,20253408000.0,1234897000.0,5408174000.0,13610337000.0,70709172000.0,230599058000.0,0.3605259145264578,0.0522707688398758,3384400000.0,74093572000.0,59655879000.0,56557228000.0,0.4982731878252491,0.1106619737711982,0.3863456726515923,0.3259519245944077,14437693000.0,0.3090213005884084,59698303000.0,0.3261837237847103,0.2471757403927186,204327285000.0,0.1204124701453787,0.0438051124459535,-42424000.0,2.3,7.879999999999999,0.1177304964539007,255053573000.0,20015515000.0,86424428000.0,50954265000.0,459199555000.0,1344956710000.0,0,246635077000.0,467305703000.0,56026837000.0,151250682000.0,0.0,548671157000.0,259293750000.0,259293750000.0,25929375000.0,877651007000.0,1344956710000.0,255053573000.0,0.1008051388774305,81748863000.0,45352501000.0,626613000.0,0,10346753000.0,0.0,-66494559000.0,-73328005000.0,23356278000.0,16.99796405787258,38.86639229956359,49.94086279261829,88.80725509218188,5.29475175342053,2.315625265816364,1.802131460438101,15254304000.0,5.716357217102824,3.016984798920078,0.7302646276560446,33.84775016752236,0.3474503673802259,0.9543226232904524,0.0456773767095477,-0.0,-0.0,1.5324504834756032,0.136079089118043,6.802054862793542,4.438678401775474,2014Q2,2014-04-01,2014-04-01,2014Q2,2014-06-30,2014,1396281600000000000,Q2,639618537000.0,0.04430180621114399,0.13895153019900164,334267043000.0,0.03839219059041343,0.13987061878325213,0.5226037453007714,305351494000.0,0.05084864276549883,0.13794710546616584,0.47739625469922864,74524853000.0,0.020000033121837735,0.1085726519934942,0.11651452965941793,4.15,0.17563739376770537,7.879999999999999,0.03957783641160928,0.11773049645390077,2.9995423549421174,0.38065258311448197,2.9230251543221897e-05,15.427992467660067,16.116751269035536,14.720812182741119,3.59174775408892,3.752095763276438,3.4271110908666675,119.0,127.0,116.0,126.5,14.616012544360123,
2014Q3,2014Q3,209049734000.0,0.1422204194367664,686091237000.0,0.1775091914210215,0.0445230980649031,0.1364362895044197,103471256000.0,0.4949599983705313,354101835000.0,1.162735827240667,0.1627358272406669,105578478000.0,21142734000.0,1323259000.0,4612193000.0,15207282000.0,84427238000.0,255408242000.0,0.372265710777472,0.081253819563117,949406000.0,85376644000.0,76300627000.0,79680984000.0,0.5050400016294687,0.1011373398829581,0.4038619728643137,0.3649879171814684,9076017000.0,0.3811580262522601,76331255000.0,0.3651344277721013,0.2786168310345438,228706597000.0,0.2366514544721217,0.0438051124459535,-30628000.0,2.94,8.82,0.2335664335664337,225884318000.0,20418733000.0,113999433000.0,65336989000.0,476230199000.0,1349907550000.0,0,172248167000.0,392662565000.0,55944799000.0,151250682000.0,0.0,625002412000.0,259293750000.0,259293750000.0,25929375000.0,957244985000.0,1349907550000.0,225884318000.0,-0.1143652082850844,91245080000.0,55581376000.0,651191000.0,0,-78261300000.0,-77785851000.0,-44625139000.0,-47881708000.0,-29169255000.0,17.58499152653564,43.1431964653923,56.83055601451286,99.97375247990516,5.118000760147685,2.086076308049968,1.5836551023188412,46619941000.0,4.3033834262625446,1.8877529287058543,0.8365520091603843,36.91739523224143,0.2908810792264996,0.9888797924640842,0.0111202075359157,2.9999123002386288,1.019056361643733,1.4102007021744805,0.154862260011806,7.974056401037191,5.654554269290515,2014Q3,2014-07-01,2014-07-01,2014Q3,2014-09-30,2014,1404144000000000000,Q3,686091237000.0,0.07265689987343182,0.1775091914210214,354101835000.0,0.0593381621531861,0.16273582724066693,0.5161147904298332,331989402000.0,0.08723686807964337,0.19368598339961252,0.48388520957016684,76407355000.0,0.025260056534428754,0.08973043477157105,0.11136617242642322,7.09,0.2820976491862568,8.82,0.11928934010152292,0.2335664335664338,2.9999123002386288,0.34012611113816654,0.0,14.224596088435375,15.64625850340136,13.492063492063492,3.3984233370405823,3.7380752117494764,3.223412682595563,126.5,138.0,119.0,120.0,14.610317160874562,-0.011488431662471932
2014Q4,2014Q4,222521075000.0,0.064440842579594,762806465000.0,0.2776809865212213,0.0445230980649031,0.1364362895044197,111976280000.0,0.5032165155592566,385113005000.0,1.218489088483873,0.218489088483873,110544795000.0,21576779000.0,1376484000.0,4256991000.0,15943304000.0,88216285000.0,295870309000.0,0.3878707412370974,0.1447863360218212,1094531000.0,89310816000.0,79965622000.0,89074792000.0,0.4967834844407434,0.0969651031930346,0.3964401349400276,0.3593620154854995,9345194000.0,0.4002982279318936,79985420000.0,0.3594509868334943,0.0478724606322796,263881771000.0,0.4025313479969549,0.0438051124459535,-19798000.0,3.09,10.18,0.4022038567493113,358449029000.0,21878934000.0,114734743000.0,66337971000.0,626565639000.0,1495049086000.0,0,201013629000.0,448720754000.0,55989922000.0,151250682000.0,0.0,705165274000.0,259296624000.0,259296624000.0,25929662400.0,1046328332000.0,1495049086000.0,358449029000.0,0.5868699171936318,153668847000.0,55725367000.0,692110000.0,0,27636039000.0,0.0,-55441267000.0,-52424998000.0,132646189000.0,16.99819832378786,46.25646321365291,53.31859024071884,99.57505345437175,5.294678782165456,1.94567404741476,1.6879666096510548,98227580000.0,2.920050242844602,1.3080961621323286,0.5205051092756621,40.35256286252304,0.3001378069803388,0.987744698245731,0.012255301754269,-0.0,-0.0,1.4288527226843744,0.14883864154277,7.644390154963328,5.350019658150542,2014Q4,2014-10-01,2014-10-01,2014Q4,2014-12-31,2014,1412092800000000000,Q4,762806465000.0,0.11181490720599307,0.2776809865212213,385113005000.0,0.08757698191538599,0.21848908848387305,0.5048633207375871,377693460000.0,0.1376672198710729,0.3442656877054011,0.4951366792624129,80849570000.0,0.058138578413033715,0.12976406292650222,0.1059896234623549,10.18,0.40220385674931136,10.18,0.1541950113378685,0.40220385674931136,2.9999123002386288,0.29468686642815606,1.1083954009727393e-05,13.019437994880038,13.94891944990177,11.591355599214145,3.2844971765342756,3.518983428234265,2.9242256657157975,120.0,142.0,118.0,141.0,14.244441334313791,-0.03842690074629229
2015Q1,2015Q1,222034144000.0,-0.0021882466638272,836625437000.0,0.3659539310401312,0.0445230980649031,0.1364362895044197,112585333000.0,0.5070631524131712,419859153000.0,1.304281934917244,0.3042819349172439,109448811000.0,22538512000.0,1390996000.0,4366053000.0,16781463000.0,86626123000.0,329978818000.0,0.3944164298700375,0.1836126029618718,1632857000.0,88258980000.0,78983908000.0,77338325000.0,0.4929368475868288,0.1015092165284272,0.3901477558334451,0.3557286576608686,9275072000.0,0.3483172615109143,78989911000.0,0.3557556940431648,-0.0124461308073396,295004889000.0,0.5017808713317516,0.0438051124459535,-6003000.0,3.05,11.38,0.5013192612137202,437412411000.0,18595310000.0,98529745000.0,64599666000.0,690493692000.0,1556895055000.0,0,187565145000.0,432979302000.0,56274436000.0,151250682000.0,0.0,784155185000.0,259303020000.0,259303020000.0,25930302000.0,1123915753000.0,1556895055000.0,437412411000.0,0.2202918005393732,156000661000.0,54706227000.0,771769000.0,0,-18171589000.0,0.0,-57168005000.0,-48875682000.0,78881904000.0,16.177426770145985,43.22264038813778,51.640562629947546,94.86320301808531,5.563307519715501,2.0822420655425766,1.7428160232283554,98832656000.0,2.775496585876646,1.202335578565273,0.5063434378653049,43.343720138701045,0.2781043594489418,0.9814992536736772,0.0185007463263228,-0.0,-0.0,1.3852417771031988,0.1426134300362332,7.028098929048465,5.073553978241648,2015Q1,2015-01-01,2015-01-01,2015Q1,2015-03-31,2015,1420041600000000000,Q1,836625437000.0,0.09677287147795743,0.3659539310401312,419859153000.0,0.09022325278264742,0.30428193491724387,0.5018484191749479,416766284000.0,0.1034511532182738,0.434275883686426,0.49815158082505206,85511433000.0,0.05766094983560199,0.17037016486695777,0.10220993675094295,3.05,0.6486486486486485,11.379999999999999,0.11787819253438103,0.5013192612137203,2.9999123002386288,0.2636126801615667,2.4666730716882412e-05,12.693721041699956,13.620386643233745,11.423550087873464,3.332767584145687,3.5760659099864047,2.999281085795049,140.5,155.0,130.0,145.5,13.841436898168858,-0.04941428027798089
2015Q2,2015Q2,205439752000.0,-0.0747380186715787,859044705000.0,0.3430578623145814,0.0445230980649031,0.1364362895044197,105735807000.0,0.5146803672153966,433768676000.0,1.297671083894442,0.2976710838944418,99703945000.0,22555212000.0,1479419000.0,4463580000.0,16612213000.0,77069058000.0,336338704000.0,0.3915264270210478,0.1653167315880965,21062625000.0,98131683000.0,79412904000.0,59153523000.0,0.4853196327846034,0.1097899105719325,0.3751418956152166,0.386550817097949,18718779000.0,0.2879361098527805,79417514000.0,0.3865732567667819,0.0054133875400872,314724100000.0,0.5402940434509272,0.0438051124459535,-4610000.0,3.06,12.14,0.5406091370558376,528895107000.0,19773550000.0,98992354000.0,66278597000.0,731368790000.0,1608853066000.0,0,309379741000.0,542225511000.0,56532959000.0,177640561000.0,0.0,746889218000.0,259303805000.0,259303805000.0,25930380500.0,1066627555000.0,1608853066000.0,528895107000.0,0.2091451767243065,111067152000.0,53838569000.0,784538000.0,0,-13402541000.0,0.0,-4110126000.0,-53813974000.0,91482696000.0,16.329366077472695,43.2656989140057,56.414888193930366,99.68058710793606,5.511542797987743,2.08016979406441,1.5953235552044047,106957026000.0,4.881961059017701,2.7855197097338014,0.7150405189105776,41.13428088723958,0.3370261228069164,0.7853636628243704,0.2146363371756296,-0.0,-0.0,1.5083550565126738,0.1276932967600162,7.445664949092751,4.936281359580664,2015Q2,2015-04-01,2015-04-01,2015Q2,2015-06-30,2015,1427817600000000000,Q2,859044705000.0,0.026797258376928923,0.34305786231458146,433768676000.0,0.03312902172219645,0.29767108389444186,0.5049430762744763,425276029000.0,0.020418506310841522,0.39274258471451917,0.4950569237255237,87813237000.0,0.026918084743124293,0.1783080873705314,0.10222196410604731,6.109999999999999,0.4722891566265057,12.139999999999999,0.06678383128295251,0.5406091370558377,2.9999123002386288,0.24710974466545543,3.027346152872923e-06,11.943986820428337,12.644151565074136,11.367380560131798,3.5250403525343006,3.731680649062174,3.3548659906878178,145.0,153.5,138.0,140.5,12.970435486360927,-0.11258727734426954
2015Q3,2015Q3,212504909000.0,0.0343904085320352,862499880000.0,0.2571212595155183,0.0445230980649031,0.1364362895044197,110188424000.0,0.5185217815368208,440485844000.0,1.2439524466175105,0.2439524466175104,102316485000.0,22160164000.0,1377131000.0,4296668000.0,16486365000.0,78388924000.0,330300390000.0,0.3829570271940212,0.1091577095889945,5005695000.0,83394619000.0,75317300000.0,84601615000.0,0.4814782184631791,0.1042807156986665,0.3688805325433682,0.3544261652797865,8077319000.0,0.3981160501096942,75329224000.0,0.354482276924718,-0.051478443407332,313722069000.0,0.3717228672682319,0.0438051124459535,-11924000.0,2.91,12.11,0.3730158730158729,515731398000.0,18057750000.0,96611632000.0,65066214000.0,693661496000.0,1576218810000.0,0,201689370000.0,425223866000.0,56298728000.0,177640561000.0,0.0,822218442000.0,259303805000.0,259303805000.0,25930380500.0,1150994944000.0,1576218810000.0,515731398000.0,-0.0248890731371428,118139439000.0,55339629000.0,809013000.0,0,-90475814000.0,-116683481000.0,-54787521000.0,-70303688000.0,-13163709000.0,15.449975943026466,41.421063689404,53.14495885702113,94.56602254642512,5.825251788862661,2.1728075520915,1.6934814126422049,63351918000.0,3.5993387948964277,1.7072145568593735,0.6376297757770798,44.38789257257525,0.269774642519334,0.939975803474802,0.0600241965251978,4.499875387482263,1.5489802603037568,1.3694402553344318,0.1348194220572713,6.544705030433217,4.77910957045361,2015Q3,2015-07-01,2015-07-01,2015Q3,2015-09-30,2015,1435680000000000000,Q3,862499880000.0,0.004022113144856565,0.25712125951551834,440485844000.0,0.015485599518025195,0.24395244661751048,0.5107082959826035,422014036000.0,-0.007670295943249639,0.27116719225874575,0.4892917040173965,88830667000.0,0.011586294216668014,0.162593143029228,0.10299209201049396,9.02,0.27221438645980256,12.11,-0.0024711696869851307,0.3730158730158728,4.499875387482263,0.37158343414386974,0.0,10.82864745127338,11.767134599504542,9.289843104872007,2.9542948095702437,3.2103348850592344,2.5344749092572902,140.0,142.5,112.5,130.0,12.121448327070429,-0.170350089351185
2015Q4,2015Q4,203518563000.0,-0.0422877101629685,843497368000.0,0.1057816191948504,0.0445230980649031,0.1364362895044197,104608037000.0,0.5139975216904416,433117601000.0,1.1246506749363083,0.1246506749363086,98910526000.0,21212612000.0,1417138000.0,4130936000.0,15664538000.0,77963670000.0,320047775000.0,0.3794294886288252,0.031695413069159,2679959000.0,80643629000.0,72842055000.0,70748522000.0,0.4860024783095584,0.1042293719418606,0.383078913543626,0.3579135678154331,7801574000.0,0.3476268747042991,72837188000.0,0.3578896535349456,-0.0330819284690892,306573837000.0,0.1617848244621641,0.0438051124459535,4867000.0,2.8000000000000007,11.82,0.1611001964636542,562688930000.0,18575286000.0,85059675000.0,67052270000.0,746743991000.0,1657518298000.0,0,212228594000.0,434883819000.0,56300215000.0,177640561000.0,0.0,894293586000.0,259303805000.0,259303805000.0,25930380500.0,1222634479000.0,1657518298000.0,562688930000.0,0.0910503649421011,144672186000.0,55418944000.0,836880000.0,0,5315915000.0,0.0,-101180185000.0,-84523491000.0,46957532000.0,15.75869949648324,40.169352094924136,57.68872519804573,97.85807729296988,5.7111311767880775,2.2405141060607883,1.5600968766605516,43492001000.0,3.0059946629962444,1.4669619632345916,0.5034636581768385,47.15065708349324,0.2623704483532645,0.9667678769763696,0.0332321230236303,-0.0,-0.0,1.3556940577658942,0.1227851078600883,5.9573968549925045,4.394351971129793,2015Q4,2015-10-01,2015-10-01,2015Q4,2015-12-31,2015,1443628800000000000,Q4,843497368000.0,-0.022031901036322465,0.10578161919485041,433117601000.0,-0.016727536424530398,0.12465067493630855,0.5134783076169599,410379767000.0,-0.027568440875269884,0.08654189299438753,0.4865216923830401,88466500000.0,-0.00409956394901323,0.0942111380431585,0.10488058808027009,11.82,0.16110019646365425,11.82,-0.023947151114781073,0.16110019646365425,4.499875387482263,0.38070011738428616,0.0,11.805284394116882,12.267343485617596,10.956006768189509,2.9594171146198494,3.0752487657433387,2.7465152769914645,131.0,145.0,129.5,143.0,11.81790992687964,-0.17034935596869072
2016Q1,2016Q1,203495361000.0,-0.0001140043426898,824958585000.0,-0.0139451318164977,0.0445230980649031,0.1364362895044197,112124894000.0,0.550994840614573,432657162000.0,1.0304816720287149,0.0304816720287148,91370467000.0,20878997000.0,1415099000.0,3844935000.0,15618963000.0,70467314000.0,303888966000.0,0.3683687539296291,-0.0311846267710361,1788585000.0,72255899000.0,64792597000.0,58294435000.0,0.4490051593854269,0.1026018327759324,0.3462846212007752,0.3183983982809318,7463302000.0,0.2864656703402688,64781493000.0,0.3183438319264683,-0.1105986546323012,292365419000.0,-0.0089472076511925,0.0438051124459535,11104000.0,2.5,11.27,-0.0096660808435851,617984318000.0,18513952000.0,96273270000.0,57242320000.0,812491107000.0,1726525636000.0,0,235893223000.0,445579560000.0,56317375000.0,177640561000.0,,959075079000.0,259303805000.0,259303805000.0,25930380500.0,1280946076000.0,1726525636000.0,617984318000.0,0.098269905540882,121528853000.0,54950729000.0,896332000.0,0,-4806832000.0,0.0,-55347367000.0,-38141373000.0,55295388000.0,14.885326981892174,40.09910832807633,45.94705614615787,86.0461644742342,6.046222572704243,2.2444389352414698,1.9587761991477637,66181486000.0,3.666450797490864,1.9410470614743645,0.5330544261781192,49.39943229911339,0.2580787395849592,0.9752465193187896,0.0247534806812105,-0.0,-0.0,1.347851926282024,0.1178640830792737,5.057316167616723,3.752130385395564,2016Q1,2016-01-01,2016-01-01,2016Q1,2016-03-31,2016,1451577600000000000,Q1,824958585000.0,-0.021978471662522092,-0.013945131816497702,432657162000.0,-0.0010630807866891523,0.03048167202871488,0.5244592514907884,392301423000.0,-0.04405271763800189,-0.05870163191991795,0.4755407485092115,86806985000.0,-0.018758682665189652,0.015150629039277108,0.1052258702174728,2.5,-0.180327868852459,11.27,-0.04653130287648055,-0.009666080843585223,4.499875387482263,0.3992790938316116,0.0,13.066828562088453,14.463176574977817,11.579414374445431,2.9810698431321825,3.299633060822148,2.641730763418959,142.5,163.0,130.5,162.0,11.911186806976762,-0.1394544587670271
2016Q2,2016Q2,221809846000.0,0.0899995209227398,841328679000.0,-0.0206229383603499,0.0445230980649031,0.1364362895044197,107468601000.0,0.4845078022370567,434389956000.0,1.0014322841513803,0.0014322841513802,114341245000.0,23007640000.0,1436902000.0,4667198000.0,16903540000.0,91321001000.0,318140909000.0,0.3781410487256194,-0.0211837578348148,2085390000.0,93406391000.0,72528279000.0,72137466000.0,0.5154921977629433,0.1037268652176964,0.4117085090983743,0.3269840374894809,20878112000.0,0.3252221093918437,72506321000.0,0.3268850427857021,0.1192443650534574,285454226000.0,-0.0930016925936081,0.0438051124459535,21958000.0,2.8,11.010000000000002,-0.0930807248764413,622359302000.0,22117148000.0,111300187000.0,60705814000.0,852525071000.0,1804491560000.0,0,398739054000.0,607160582000.0,56263141000.0,208297945000.0,,875999117000.0,259303805000.0,259303805000.0,25930380500.0,1197330978000.0,1804491560000.0,622359302000.0,0.0070794417796213,106676391000.0,54402163000.0,872825000.0,0,-8103045000.0,0.0,-94706274000.0,-73585679000.0,4374984000.0,17.01333676056693,42.11177156220558,50.838321232077824,92.9500927942834,5.289967586405488,2.1371696478514592,1.7703180950674675,11970117000.0,5.691611576923332,3.737837868924531,0.6796847954858165,46.17483256753599,0.3364718325421261,0.9776740116208964,0.0223259883791035,-0.0,-0.0,1.5070950248144337,0.1229209661695508,6.055662329986087,4.018102528559346,2016Q2,2016-04-01,2016-04-01,2016Q2,2016-06-30,2016,1459440000000000000,Q2,841328679000.0,0.019843534327241397,-0.020622938360349896,434389956000.0,0.004005004775582632,0.001432284151380303,0.5163142144593409,406938723000.0,0.03731136096337839,-0.043118597686116034,0.48368578554065905,87259413000.0,0.0052118847348516795,-0.006306839594126368,0.10371619936184298,5.3,-0.13256955810147297,11.010000000000002,-0.023070097604258932,-0.09308072487644126,4.499875387482263,0.40870802792754424,0.0,14.160748053185623,15.077202543142596,12.988192552225248,3.3765111294672865,3.5950319853830757,3.096925144034818,161.0,166.0,143.0,162.5,12.465377115166085,-0.03893919920622069
2016Q3,2016Q3,260405885000.0,0.1740050755005708,889229655000.0,0.0309910477900588,0.0445230980649031,0.1364362895044197,128366813000.0,0.4929489707961093,452568345000.0,1.0274299416532442,0.0274299416532441,132039072000.0,25840588000.0,1531454000.0,5584814000.0,18724320000.0,106262122000.0,346014107000.0,0.3891166978681115,0.0182188048536308,1987493000.0,108249615000.0,96789113000.0,86678948000.0,0.5070510292038907,0.0992319662821752,0.40806344295944,0.3716855822978041,11460502000.0,0.3328609412955471,96759056000.0,0.3715701586390799,0.3344913197292137,306884058000.0,-0.0217963977535797,0.0438051124459535,30057000.0,3.73,11.830000000000002,-0.0231213872832367,463971657000.0,24936790000.0,129118058000.0,53882144000.0,709591485000.0,1718686763000.0,0,257555112000.0,434794114000.0,56269958000.0,208297945000.0,,972758173000.0,259303805000.0,259303805000.0,25930380500.0,1283892649000.0,1718686763000.0,463971657000.0,-0.2544955052346916,126409559000.0,55312427000.0,956367000.0,0,-169191709000.0,-155582283000.0,-106884722000.0,-103775451000.0,-158387645000.0,16.495129547229624,41.54599280657578,37.77762216469455,79.32361497127033,5.456155996975216,2.1662739032139595,2.3823627545333013,19524837000.0,3.439566734031561,2.037465473635581,0.7654409742858133,49.51306630459973,0.2529804286390492,0.9816397222290352,0.0183602777709648,6.0,1.6079351063532492,1.3386530130370735,0.1515144531313295,7.536382116944421,5.629824938612156,2016Q3,2016-07-01,2016-07-01,2016Q3,2016-09-30,2016,1467302400000000000,Q3,889229655000.0,0.05693491401830597,0.03099104779005879,452568345000.0,0.04184808775827209,0.027429941653244194,0.5089442782922033,436661310000.0,0.07303946594436028,0.03470802568282361,0.4910557217077966,90939837000.0,0.042177959643161955,0.023743714543987382,0.10226811093024107,9.03,0.0011086474501107446,11.830000000000002,0.07447774750227065,-0.02312138728323676,6.0,0.5071851225697379,0.0,14.816077223025111,15.849535080304308,13.567202028740487,3.5399583711927014,3.7868791814774228,3.241568579344674,164.5,187.5,160.5,182.5,13.462234558104017,0.11061270855226546
2016Q4,2016Q4,262227252000.0,0.0069943388568196,947938344000.0,0.1238189708257631,0.0445230980649031,0.1364362895044197,125116865000.0,0.4771314348365287,473077173000.0,1.0922603281596954,0.0922603281596953,137110387000.0,27176908000.0,1517382000.0,5698646000.0,19960880000.0,109907341000.0,377957778000.0,0.398715570893712,0.0686546339051528,2140134000.0,112047475000.0,100228247000.0,106160198000.0,0.5228685651634712,0.1036387629154577,0.4191301253463923,0.3822190341986271,11819228000.0,0.4048404473231485,100200310000.0,0.3821124968353785,0.0355651878207658,334247180000.0,0.0902664861124467,0.0438051124459535,27937000.0,3.860000000000001,12.89,0.0905245346869712,541253833000.0,26062351000.0,128335271000.0,48682233000.0,817729126000.0,1886455302000.0,0,318239273000.0,496404176000.0,56272304000.0,208297945000.0,,1072008169000.0,259303805000.0,259303805000.0,25930380500.0,1390051126000.0,1886455302000.0,541253833000.0,0.166566588355202,185219789000.0,55419679000.0,1017882000.0,0,24301389000.0,0.0,-138501317000.0,-112542767000.0,77282176000.0,18.342541950679472,44.18076197892658,35.018468293622924,79.1992302725495,4.906626368471579,2.037085735255729,2.570072432790829,46718472000.0,2.6800817487163857,1.7181710157330976,0.5409805860431036,53.60704699261933,0.2631412339713098,0.9808997570003252,0.0191002429996749,-0.0,-0.0,1.3571121714267076,0.1390052824055727,7.20839026175502,5.311565553330031,2016Q4,2016-10-01,2016-10-01,2016Q4,2016-12-31,2016,1475251200000000000,Q4,947938344000.0,0.06602196482077516,0.1238189708257631,473077173000.0,0.045316532246637786,0.09226032815969543,0.4990590115848294,474861171000.0,0.08748167086293956,0.15712617722695876,0.5009409884151707,96904133000.0,0.06558507466865149,0.09537658887827605,0.10222619816294719,12.89,0.09052453468697119,12.89,0.08960270498732026,0.09052453468697119,6.0,0.4654771140418929,0.0,14.329785686578742,14.972847168347556,13.809154383242824,3.445646568172859,3.60027292729951,3.320458969219237,186.0,193.0,178.0,181.5,14.093359881219483,0.19254250272836915
2017Q1,2017Q1,233914400000.0,-0.1079706696541212,978357383000.0,0.1859472715227274,0.0445230980649031,0.1364362895044197,112428734000.0,0.4806404992595582,473381013000.0,1.0941249898921124,0.0941249898921123,121485666000.0,26156483000.0,1496487000.0,5247603000.0,19412393000.0,95352390000.0,402842854000.0,0.4117542944938352,0.1199501281631004,2470109000.0,97822499000.0,87620908000.0,66268587000.0,0.5193595007404418,0.1118207472477111,0.4076379649991621,0.3745853525905203,10201591000.0,0.2833027252704408,87628898000.0,0.3746195103849955,-0.1254628054543943,357094585000.0,0.2213981606354067,0.0438051124459535,-7990000.0,3.38,13.77,0.2218278615794145,564725266000.0,23081567000.0,108532829000.0,50389022000.0,825661833000.0,1934663761000.0,0,321580524000.0,478353736000.0,56282118000.0,208297945000.0,,1159637067000.0,259303805000.0,259303805000.0,25930380500.0,1456310025000.0,1934663761000.0,564725266000.0,0.0433649270803408,161008044000.0,59133361000.0,1038824000.0,0,-11909919000.0,0.0,-109230259000.0,-102505595000.0,23471433000.0,19.670027681713467,45.56822709503989,40.33676995775831,85.9049970527982,4.575489239584032,1.9750603817061056,2.2312148467576924,51777785000.0,2.9709927784726085,1.997294768701121,0.5442516772640253,56.16230833943991,0.2472541976765749,0.9747490707633628,0.025250929236637,-0.0,-0.0,1.3284697130338026,0.1209070044704269,6.017187034058905,4.529412281682781,2017Q1,2017-01-01,2017-01-01,2017Q1,2017-03-31,2017,1483200000000000000,Q1,978357383000.0,0.03208968092971243,0.1859472715227275,473381013000.0,0.0006422630753313285,0.09412498989211238,0.48385285502567726,504976370000.0,0.06341895450533697,0.2872152390841569,0.5161471449743228,102181619000.0,0.054460896936150194,0.17711286712699437,0.10444201758530604,3.38,0.35199999999999987,13.770000000000001,0.06826997672614432,0.22182786157941448,6.0,0.43572984749455335,0.0,13.553491572067422,14.161220043572984,12.999273783587508,3.3230752877781313,3.4720795096497397,3.1871909344989917,181.5,195.0,179.0,189.0,14.215025633714225,0.19341807529943456
2017Q2,2017Q2,213855212000.0,-0.0857543956250662,970402749000.0,0.1534169382570162,0.0445230980649031,0.1364362895044197,105101969000.0,0.4914632101648287,471014381000.0,1.0843123200574187,0.0843123200574186,108753243000.0,25366814000.0,1382199000.0,4927159000.0,19057456000.0,83255401000.0,394777254000.0,0.4068179468852679,0.0910896619987917,2862066000.0,86117467000.0,66270652000.0,67680888000.0,0.5085367898351713,0.1186167676848577,0.3893073272397027,0.3098856061548782,19846815000.0,0.3164799556065998,66271019000.0,0.309887322269237,-0.2437310007025308,350859283000.0,0.2291262522769587,0.0438051124459535,-367000.0,2.56,13.53,0.2288828337874658,570466958000.0,24509899000.0,109893282000.0,61010525000.0,838049552000.0,1986433777000.0,0,523507145000.0,644068132000.0,56282780000.0,241722663000.0,,1044395423000.0,259303805000.0,259303805000.0,25930380500.0,1342365645000.0,1986433777000.0,570466958000.0,0.0101672305910251,103400380000.0,56965755000.0,1026635000.0,0,-638888000.0,0.0,-98219755000.0,-105188462000.0,5741692000.0,20.37655422040666,45.96182109884701,52.2439998245894,98.2058209234364,4.416840994139579,1.9581469543263532,1.722685864447159,5180625000.0,6.228875870668947,5.062913163375222,0.6409165904419307,51.76806584076157,0.3242333771492247,0.9667655575610462,0.0332344424389537,-0.0,-0.0,1.4798008161181748,0.1076578612768927,4.936882826735334,3.336180635232925,2017Q2,2017-04-01,2017-04-01,2017Q2,2017-06-30,2017,1490976000000000000,Q2,970402749000.0,-0.008130601494116818,0.1534169382570163,471014381000.0,-0.00499942316021873,0.08431232005741873,0.4853803036784266,499388368000.0,-0.011065868290035086,0.22718320910443324,0.5146196963215733,104540793000.0,0.023088046784617955,0.19804602627799017,0.10772928364818554,5.9399999999999995,0.12075471698113205,13.530000000000001,-0.017429193899782147,0.22888283378746577,6.0,0.44345898004434586,0.0,14.970375486169166,16.14929785661493,13.784183296378417,3.9126279307190956,4.220748765698634,3.602607070035676,189.5,218.5,186.5,208.5,14.41743249196011,0.15659818060530584
2017Q3,2017Q3,252107345000.0,0.178869304340359,962104209000.0,0.0819524558028825,0.0445230980649031,0.1364362895044197,126230664000.0,0.5007020481692035,468878232000.0,1.036038505963116,0.0360385059631159,125876681000.0,27536716000.0,1487598000.0,5003679000.0,21045439000.0,98056433000.0,386571565000.0,0.401798018742479,0.0456096552470463,2461731000.0,100518164000.0,89949228000.0,89045314000.0,0.4992979518307965,0.1092261552316137,0.3889471486838275,0.3567893985794027,10568936000.0,0.3532039655568147,89925437000.0,0.3566950300476172,0.3569345749761294,344025664000.0,0.1210281376036809,0.0438051124459535,23791000.0,3.47,13.27,0.1217244294167369,408077695000.0,27545477000.0,117649258000.0,73893879000.0,704861778000.0,1841424382000.0,0,298522304000.0,410011693000.0,56281271000.0,241722663000.0,0.0,1134320860000.0,259303805000.0,259303805000.0,25930380500.0,1431412689000.0,1841424382000.0,408077695000.0,-0.2846602431967672,116783434000.0,70032828000.0,1131834000.0,0,-212792956000.0,-181512663000.0,-65662683000.0,-61714051000.0,-162389263000.0,18.557233605298947,40.61529544091625,52.68489366418923,93.30018910510547,4.849860809765355,2.215913956133213,1.7082695577532208,51120751000.0,3.5108720385804038,2.5562041958793573,0.7700187768069913,55.20214749644727,0.2226600760845144,0.9755095904855564,0.0244904095144435,6.999999980717599,2.0184796321868306,1.286438492651926,0.1369088774235639,6.282285862843849,4.883471614638369,2017Q3,2017-07-01,2017-07-01,2017Q3,2017-09-30,2017,1498838400000000000,Q3,962104209000.0,-0.008551645189125434,0.08195245580288257,468878232000.0,-0.004535209722184685,0.03603850596311586,0.4873466175637529,493225977000.0,-0.012339876927209503,0.1295389944210994,0.5126533824362471,106236921000.0,0.016224556475288976,0.16821103385087444,0.11042142837148736,9.41,0.042081949058693224,13.27,-0.01921655580192172,0.121724429416737,6.999999980717599,0.5275056503931876,0.0,16.18483249982873,16.80482290881688,15.486058779201207,3.890658914792214,4.039697912374731,3.7226812600583283,207.5,223.0,205.5,216.5,14.759621311161014,0.09637231824013903
2017Q4,2017Q4,277570284000.0,0.1010003853715567,977447241000.0,0.031129553084098,0.0445230980649031,0.1364362895044197,138854919000.0,0.5002513849789483,482616286000.0,1.0201639680467105,0.0201639680467102,138715365000.0,28841655000.0,1606204000.0,6018276000.0,21217175000.0,108894999000.0,385559223000.0,0.3944552778168821,0.0080189234332734,2779901000.0,111674900000.0,99306060000.0,91330428000.0,0.4997486150210517,0.1039075746307194,0.3923150469522162,0.3577690614748948,12368840000.0,0.3290353228157521,99286122000.0,0.3576972310191533,0.1040938505530976,343111476000.0,0.0265201818606218,0.0438051124459535,19938000.0,3.82,13.23,0.0263770364623739,553391696000.0,28412807000.0,121133248000.0,73880747000.0,857203110000.0,1991861643000.0,0,358706680000.0,469102000000.0,56309536000.0,241722663000.0,0.0,1233362010000.0,259303805000.0,259303805000.0,25930380500.0,1522759643000.0,1991861643000.0,553391696000.0,0.3560939565687362,204126309000.0,69664018000.0,1149443000.0,0,9644134000.0,0.0,-63052206000.0,-61180080000.0,145314001000.0,18.134919512646142,38.71168273185901,47.88643627382045,86.59811900567945,4.9628011823950855,2.324879562156869,1.879446603321431,141074103000.0,2.298096714226092,1.7572780390596294,0.4863955189627222,58.72492472680839,0.2355093295001514,0.975107199558719,0.0248928004412808,-0.0,-0.0,1.3080604362982846,0.1393521909392981,6.520144033000223,4.984589283543928,2017Q4,2017-10-01,2017-10-01,2017Q4,2017-12-31,2017,1506787200000000000,Q4,977447241000.0,0.015947370208417855,0.03112955308409804,482616286000.0,0.02929983322407681,0.02016396804671028,0.4937517502287369,494830955000.0,0.0032540419094755357,0.042053941698256825,0.5062482497712631,107901668000.0,0.015670135997258416,0.11348881270110533,0.11039129630117805,13.23,0.026377036462373882,13.23,-0.0030143180105500766,0.026377036462373882,6.999999980717599,0.5291005276430536,0.0,17.69317045814741,18.51851851851852,16.515495086923657,3.9860527067552063,4.17199342765876,3.7207369956875063,219.5,245.0,218.5,229.5,15.600467504053182,0.10693742553484631
2018Q1,2018Q1,248078671000.0,-0.1062491725519148,991611512000.0,0.0135473286452421,0.0445230980649031,0.1364362895044197,123103977000.0,0.4962295892015642,493291529000.0,1.0420602336241145,0.0420602336241145,124974694000.0,26728394000.0,1448092000.0,4851708000.0,20428594000.0,96826946000.0,387033779000.0,0.3903078718997365,-0.016158793580648,3116675000.0,99943621000.0,89787574000.0,82601369000.0,0.5037704107984358,0.1077416042752018,0.3903074198587592,0.3619318566891226,10156047000.0,0.3329644127285735,89784622000.0,0.3619199572380811,-0.0956981681689612,345267200000.0,-0.0331211547215144,0.0438051124459535,2952000.0,3.46,13.31,-0.0334059549745824,577782963000.0,27817670000.0,106601372000.0,85215899000.0,929116660000.0,2049155806000.0,0,342235242000.0,442550777000.0,56305751000.0,241722663000.0,0.0,1324689900000.0,259303805000.0,259303805000.0,25930380500.0,1606605029000.0,2049155806000.0,577782963000.0,0.0440759541140639,160725918000.0,70462286000.0,1035591000.0,0,-57627226000.0,0.0,-73459190000.0,-71847185000.0,24391267000.0,20.554749949305048,41.309709773477465,62.30043169117111,103.61014146464858,4.378549981000517,2.178664543844937,1.4446127828798707,87266728000.0,2.753449988072241,2.129309611409406,0.558619438092119,61.95840546959965,0.2159673635866027,0.968815668585792,0.031184331414208,-0.0,-0.0,1.275457109253204,0.1210638401792664,5.588468875631785,4.381541986075802,2018Q1,2018-01-01,2018-01-01,2018Q1,2018-03-31,2018,1514736000000000000,Q1,991611512000.0,0.014491084946445687,0.013547328645242107,493291529000.0,0.022119524992573414,0.042060233624114485,0.497464504022418,498319983000.0,0.007050949348955005,-0.01318158115002488,0.502535495977582,108473579000.0,0.005300298045438856,0.061576241026284784,0.10939120581730398,3.46,0.02366863905325456,13.31,0.006046863189720364,-0.03340595497458243,6.999999980717599,0.5259203591823891,0.0,18.5840306743698,19.984973703981968,17.167543200601052,3.992250065202661,4.293202802491663,3.687958046501297,231.5,266.0,228.5,247.5,16.858102279628778,0.18593541186769902
2018Q2,2018Q2,233276811000.0,-0.0596659920029965,1011033111000.0,0.0418695866658143,0.0445230980649031,0.1364362895044197,121688707000.0,0.5216493936038932,509878267000.0,1.0825110390843884,0.0825110390843883,111588104000.0,26440124000.0,1477977000.0,5070594000.0,19891553000.0,84428146000.0,388206524000.0,0.3839701388375202,-0.0067711370426053,3159462000.0,87587608000.0,72293375000.0,91549050000.0,0.4783506063961068,0.1133422730131543,0.3619225830380543,0.3099038206587966,15294233000.0,0.3924481375047604,72290539000.0,0.3098916634281322,-0.1948449813599482,351286720000.0,0.0012182576340726,0.0438051124459535,2836000.0,2.79,13.54,0.0007390983000737,632229880000.0,29711846000.0,87096847000.0,99032077000.0,959042679000.0,2053412954000.0,0,462997164000.0,562777669000.0,56307720000.0,276033811000.0,26907527000.0,1189470511000.0,259303805000.0,259303805000.0,25930380500.0,1490635285000.0,2053412954000.0,632229880000.0,0.0942342029562405,129773360000.0,70351470000.0,1057214000.0,0,-29346300000.0,0.0,-60075599000.0,-59681160000.0,54446917000.0,21.274186272683465,37.36513637011267,73.24333662284701,110.60847299295968,4.23047908138146,2.4086624255435205,1.2287807212202568,69697761000.0,4.336619387831216,3.567736583224785,0.5570522255106903,57.48605520848412,0.2740694062067361,0.9639279794009216,0.0360720205990783,-0.0,-0.0,1.3775421625015405,0.1136044313666095,4.849646303656364,3.520506620900571,2018Q2,2018-04-01,2018-04-01,2018Q2,2018-06-30,2018,1522512000000000000,Q2,1011033111000.0,0.019585895045558965,0.04186958666581431,509878267000.0,0.03362461551615259,0.0825110390843884,0.504314113407904,501154844000.0,0.005688836684681009,0.0035372790260905784,0.495685886592096,109546889000.0,0.009894667530053525,0.0478865317197279,0.10835143558419028,6.25,0.05218855218855234,13.54,0.01728024042073617,0.0007390983000736817,6.999999980717599,0.5169867046320237,0.0,16.925160019694733,18.389955686853767,15.5096011816839,3.9864740385394364,4.331485246238485,3.653059846225229,248.5,249.0,210.0,216.5,17.34679841301017,0.20318221865672847
2018Q3,2018Q3,260347882000.0,0.1160469867705796,1019273648000.0,0.0594212544391851,0.0445230980649031,0.1364362895044197,136967039000.0,0.5260923881838993,520614642000.0,1.110340822987918,0.1103408229879181,123380843000.0,28128452000.0,1585523000.0,4656730000.0,21886199000.0,95245181000.0,385395272000.0,0.3781077562009137,-0.0012226253549214,3651761000.0,98896942000.0,89098072000.0,85217066000.0,0.4739076118161007,0.1080417930959008,0.3658381250053726,0.342226989962607,9798870000.0,0.3273199894900623,89071628000.0,0.3421254181741336,0.2321339587743286,350432911000.0,0.0186243285617203,0.0438051124459535,26444000.0,3.44,13.510000000000002,0.0180859080633008,488732121000.0,28733773000.0,127782905000.0,105336576000.0,859223705000.0,1969888788000.0,0,321630202000.0,394058787000.0,56311659000.0,276033811000.0,26907527000.0,1277737659000.0,259303805000.0,259303805000.0,25930380500.0,1575830001000.0,1969888788000.0,488732121000.0,-0.226970859080561,94082482000.0,72505194000.0,1104623000.0,0,-172434686000.0,-207443044000.0,-63473163000.0,-69948626000.0,-143497759000.0,19.202085948576286,37.14103132208312,69.21586324137445,106.35689456345756,4.686990790532991,2.4231960394295315,1.3002799616345988,30609319000.0,4.188439533302279,3.418598182815798,0.9467397766993436,60.77157259609052,0.2000411339972559,0.9630750867908534,0.0369249132091465,8.0,2.3289463621345283,1.250064275175581,0.132163746291651,5.652362751278779,4.521657696749122,2018Q3,2018-07-01,2018-07-01,2018Q3,2018-09-30,2018,1530374400000000000,Q3,1019273648000.0,0.008150610410621928,0.05942125443918522,520614642000.0,0.02105674176538308,0.11034082298791814,0.5107702362574962,498659006000.0,-0.004980173353367756,0.011015293705830098,0.4892297637425038,110138625000.0,0.0054016686863649355,0.036726440895251455,0.10805599184881506,9.69,0.029755579171094615,13.510000000000002,-0.0022156573116689504,0.018085908063300904,8.0,0.5921539600296076,0.0,18.06358715766099,19.837157660991856,15.766099185788303,4.015677924314554,4.409956638463568,3.504928223853507,218.5,268.0,213.0,262.5,17.81648707746823,0.20711004041788383
2018Q4,2018Q4,289770193000.0,0.1130115243265163,1031473557000.0,0.0552728717559498,0.0445230980649031,0.1364362895044197,151727793000.0,0.5236142179744485,533487516000.0,1.1054071971371475,0.1054071971371475,138042400000.0,30852310000.0,1476236000.0,5686851000.0,23689223000.0,107123251000.0,383623524000.0,0.3719179434088003,-0.0019803616183106,3958841000.0,111082092000.0,100005385000.0,101653897000.0,0.4763857820255515,0.1064716480345513,0.3696834718952615,0.3451196410667401,11076707000.0,0.3508086734096906,99984095000.0,0.345046169051625,0.1225133888874244,351130884000.0,0.0233726020869089,0.0438051124459535,21290000.0,3.85,13.54,0.0234315948601663,577814601000.0,32980933000.0,128613391000.0,103230976000.0,951679721000.0,2090128038000.0,0,340542586000.0,412631642000.0,56315932000.0,276033811000.0,26907527000.0,1376647841000.0,259303805000.0,259303805000.0,25930380500.0,1677496396000.0,2090128038000.0,577814601000.0,0.1822726114619342,189372548000.0,74805947000.0,1223977000.0,0,14283421000.0,0.0,-117260956000.0,-114104910000.0,89082480000.0,18.303579819420428,39.81718478546205,61.233262913143406,101.05044769860544,4.917070916614267,2.260330570454107,1.4697893876349672,72111592000.0,2.178941173670008,1.7982679622602955,0.5279756546339547,64.69231702943965,0.1974193133138573,0.9643611231232484,0.0356388768767516,-0.0,-0.0,1.2459806429295006,0.1386375321184988,5.960316531136082,4.783634934425965,2018Q4,2018-10-01,2018-10-01,2018Q4,2018-12-31,2018,1538323200000000000,Q4,1031473557000.0,0.011969218495875511,0.05527287175594986,533487516000.0,0.024726300340972784,0.10540719713714752,0.5172091057298912,497986041000.0,-0.0013495494754987014,0.006376088577562777,0.48279089427010874,112149280000.0,0.018255675518011882,0.039365582374500496,0.10872724680037532,13.54,0.023431594860166216,13.540000000000001,0.0022205773501109416,0.023431594860166216,8.0,0.5908419497784342,0.0,16.970798772866715,19.49778434268833,15.805022156573116,3.551961437399852,4.080855534666675,3.307966228858593,262.0,264.0,214.0,225.5,17.635894156148062,0.1304721574251575
2019Q1,2019Q1,218704469000.0,-0.2452485649550573,1002099355000.0,0.0105765643834114,0.0445230980649031,0.1364362895044197,128352344000.0,0.5868757258910882,538735883000.0,1.0921247402973344,0.0921247402973344,90352125000.0,26018013000.0,1459973000.0,4140729000.0,20417311000.0,64266023000.0,351062601000.0,0.3503271399670744,-0.0362754743815438,3915629000.0,68181652000.0,61387310000.0,66003296000.0,0.4131242741089118,0.1189642494228135,0.293848695885588,0.2806861253484491,6794342000.0,0.3017921686822046,61393851000.0,0.2807160332878246,-0.3859638275467713,322740113000.0,-0.0652453722797879,0.0438051124459535,-6541000.0,2.37,12.45,-0.0646130728775357,645670527000.0,27100909000.0,106431149000.0,108682382000.0,991324815000.0,2187436785000.0,0,378267634000.0,443919183000.0,56320688000.0,276033811000.0,26907527000.0,1437946154000.0,259303805000.0,259303805000.0,25930380500.0,1743517602000.0,2187436785000.0,645670527000.0,0.1174354643904195,152670278000.0,76192468000.0,1355336000.0,0,-22412645000.0,0.0,-64188473000.0,-75942118000.0,67855926000.0,21.064538486340386,48.36208582459282,76.2075243440821,124.56961016867491,4.272583520325492,1.8609619181113504,1.1809857461534106,88481805000.0,2.907698792557383,2.4776769843832995,0.4021336163414859,67.23841179268464,0.2029403482853105,0.9425706346921604,0.0574293653078397,-0.0,-0.0,1.2546112425195923,0.0999820751391451,3.521263618421445,2.806657153294604,2019Q1,2019-01-01,2019-01-01,2019Q1,2019-03-31,2019,1546272000000000000,Q1,1002099355000.0,-0.028477901154765117,0.01057656438341148,538735883000.0,0.009837844078060876,0.09212474029733442,0.5376072545221826,463363472000.0,-0.06952517972285899,-0.07014872409802597,0.4623927454778174,111438899000.0,-0.006334244856498361,0.027336795073388265,0.11120543930496792,2.37,-0.315028901734104,12.45,-0.08050221565731175,-0.06461307287753582,8.0,0.642570281124498,0.0,18.44340324260003,19.95983935742972,16.586345381526105,3.415017759169505,3.6958041300290816,3.0711611784748705,226.5,248.5,206.5,245.5,17.60073729820562,0.04405211252480279
2019Q2,2019Q2,240998475000.0,0.1019366732739238,1009821019000.0,-0.0011988647916794,0.0445230980649031,0.1364362895044197,137325245000.0,0.5698179002999916,554372421000.0,1.0872642685121543,0.0872642685121544,103673230000.0,27164995000.0,1483004000.0,4288263000.0,21393728000.0,76304053000.0,342938508000.0,0.3396032579511994,-0.0447740192754181,4241387000.0,80545440000.0,66775851000.0,70301871000.0,0.4301820997000085,0.1127185348372017,0.3166163312859137,0.2770799732238969,13769589000.0,0.2917108541869403,66764850000.0,0.2770343256321435,0.0874843150008622,317214424000.0,-0.0969928382148918,0.0438051124459535,11001000.0,2.57,12.23,-0.0967503692762185,649697262000.0,31802685000.0,115725802000.0,108231879000.0,1010179338000.0,2239343671000.0,0,622256378000.0,684922144000.0,56320929000.0,311146899000.0,10724130000.0,1245575785000.0,259303805000.0,259303805000.0,25930380500.0,1554421527000.0,2239343671000.0,649697262000.0,0.0062365166623131,117761028000.0,73704580000.0,1343770000.0,0,-930502000.0,0.0,-114717951000.0,-116352668000.0,4026735000.0,19.30207173488021,41.48185084988609,70.93283620211272,112.4146870519988,4.662711922128215,2.169623537910367,1.2688058848169863,3043077000.0,5.816203846318325,5.28406034295149,0.5669519970562757,59.94595902671,0.3058584320351961,0.94734168687886,0.05265831312114,-0.0,-0.0,1.440628318704441,0.1076201380435634,4.29515731996164,2.9814472367336777,2019Q2,2019-04-01,2019-04-01,2019Q2,2019-06-30,2019,1554048000000000000,Q2,1009821019000.0,0.007705487446401982,-0.0011988647916794104,554372421000.0,0.02902449696301379,0.08726426851215452,0.5489808694504902,455448598000.0,-0.01708135077164652,-0.0912018441948852,0.45101913054950976,112163770000.0,0.006504649691486897,0.023888227442040888,0.11107292073507533,4.9399999999999995,-0.20960000000000012,12.23,-0.017670682730923648,-0.0967503692762185,8.0,0.6541291905151267,0.0,20.219026044529045,22.076860179885525,18.560915780866722,4.125026816476665,4.5040567268211795,3.786743988845955,251.0,270.0,227.0,239.0,18.424203804414194,0.06210975453522116
2019Q3,2019Q3,293045439000.0,0.2159638728004399,1042518576000.0,0.0228053850363057,0.0445230980649031,0.1364362895044197,153613278000.0,0.5241961059834137,571018660000.0,1.0968163665285464,0.0968163665285464,139432161000.0,31378953000.0,1596829000.0,5810048000.0,23972076000.0,107887292000.0,355580619000.0,0.3410784490424274,-0.0292508818004877,4448979000.0,112336271000.0,101102454000.0,97877579000.0,0.4758038940165863,0.1070787967459203,0.3681589188630914,0.345006065765794,11233817000.0,0.3340013730771629,101069886000.0,0.3448949294174137,0.5138188133426496,329212682000.0,-0.0605543267595662,0.0438051124459535,32568000.0,3.9,12.69,-0.0606957809030349,452430300000.0,35320208000.0,144240857000.0,96685730000.0,849427436000.0,2134234450000.0,0,494781125000.0,546737449000.0,56320929000.0,311146899000.0,7385940000.0,1281906438000.0,259303805000.0,259303805000.0,25930380500.0,1587497001000.0,2134234450000.0,452430300000.0,-0.3036290493094305,141753021000.0,65377476000.0,1378826000.0,0,-229112243000.0,-207443044000.0,-108290117000.0,-98117825000.0,-197266962000.0,19.66321026623753,39.92042904650019,56.64689806306978,96.56732710956996,4.577075603699024,2.254484787605014,1.5887895556045344,33462904000.0,3.8569721134902655,3.490445011397676,0.7129998732090514,61.22150814562864,0.2561749713111416,0.9603958813979148,0.0396041186020853,8.0,2.052471336516596,1.3444021932990096,0.1373070512473453,6.366619019521537,4.735650574846638,2019Q3,2019-07-01,2019-07-01,2019Q3,2019-09-30,2019,1561910400000000000,Q3,1042518576000.0,0.0323795567578693,0.022805385036305692,571018660000.0,0.030027177344018607,0.09681636652854642,0.54772996198391,471499916000.0,0.03524287498190959,-0.05446425247155773,0.45227003801609,115414271000.0,0.028979954935537622,0.04790005322837465,0.11070716019548413,8.84,-0.08771929824561397,12.69,0.03761242845461976,-0.06069578090303496,8.0,0.6304176516942475,0.0,20.16961236819393,21.473601260835306,18.912529550827426,4.180759159730966,4.451050100755435,3.9201909144268043,245.5,272.5,240.0,272.0,18.95071010704743,0.0636614291384976
2019Q4,2019Q4,317237065000.0,0.082552474055056,1069985448000.0,0.0373367700399516,0.0445230980649031,0.1364362895044197,157996080000.0,0.4980378947838267,577286947000.0,1.0821001985733438,0.0821001985733439,159240985000.0,34942621000.0,1808820000.0,7498170000.0,25635631000.0,124243722000.0,372701090000.0,0.34832351290071,-0.0105891556074083,4538251000.0,128781973000.0,116078194000.0,99337501000.0,0.5019621052161732,0.1101467163050446,0.3916431454817551,0.3659036310905221,12703779000.0,0.3131333376823417,116035081000.0,0.3657677295684223,0.1480677934078208,345263668000.0,-0.0167094843186736,0.0438051124459535,43113000.0,4.48,13.32,-0.0162481536189069,455399336000.0,38771066000.0,138908589000.0,82981196000.0,822613914000.0,2264805032000.0,0,590735701000.0,642709606000.0,56339709000.0,311146899000.0,10675106000.0,1333334979000.0,259303805000.0,259303805000.0,25930380500.0,1622095426000.0,2264805032000.0,455399336000.0,0.0065624163545191,202954417000.0,66137308000.0,1394477000.0,0,-17182776000.0,-51860761000.0,-171605106000.0,-170009539000.0,2969036000.0,21.102468681501467,40.16467959063989,47.26894262186758,87.43362221250747,4.2649038535901,2.240774753272871,1.903998587824644,31349311000.0,3.1667682600866973,2.910681667992473,0.5717297643243704,62.555789568918975,0.2837814279458913,0.964760199783552,0.0352398002164479,2.0,0.4469403610792498,1.3962218225255016,0.140072571597854,7.153406583861485,5.123402648815733,2019Q4,2019-10-01,2019-10-01,2019Q4,2019-12-31,2019,1569859200000000000,Q4,1069985448000.0,0.026346649961276114,0.03733677003995162,577286947000.0,0.010977376816372342,0.08210019857334383,0.5395278487936969,492698501000.0,0.044959891360828896,-0.010617847820356907,0.46047215120630314,119504582000.0,0.035440253311481706,0.06558492395136195,0.11168804419104586,13.32,-0.016248153618906858,13.32,0.049645390070921946,-0.01624815361890697,10.0,0.7507507507507507,0.0,23.145411036036037,25.9009009009009,20.495495495495494,4.92835079094227,5.515077059652593,4.3641044558990085,273.0,345.0,273.0,331.0,20.494363172839762,0.16208245475862126
2020Q1,2020Q1,310597183000.0,-0.0209303474674373,1161878162000.0,0.1594440772791436,0.0445230980649031,0.1364362895044197,149813002000.0,0.4823385729161619,598747605000.0,1.1113935861591755,0.1113935861591755,160784181000.0,32323046000.0,1451102000.0,5903061000.0,24968883000.0,128521637000.0,436956704000.0,0.376077904113323,0.0857141585526716,3625541000.0,132147178000.0,117062893000.0,119710811000.0,0.517661427083838,0.1040674151896606,0.4137888043884802,0.3768961838910175,15084285000.0,0.3854214318485947,116986720000.0,0.3766509369790388,0.0082013042245387,400856537000.0,0.2420412612298986,0.0438051124459535,76173000.0,4.51,15.46,0.2417670682730925,430777229000.0,38283035000.0,145992744000.0,78277834000.0,802470040000.0,2343295696000.0,0,589468059000.0,666267165000.0,56339785000.0,311146899000.0,27568179000.0,1385495748000.0,259303805000.0,259303805000.0,25930380500.0,1677028531000.0,2343295696000.0,430777229000.0,-0.0540670682927829,203029442000.0,67083741000.0,1470736000.0,0,-40757411000.0,-64825951000.0,-188993268000.0,-192559626000.0,-24622107000.0,23.14508419636368,41.277128984778976,47.025324677760615,88.30245366253959,3.888514694370388,2.180384203397181,1.913862384081808,14036174000.0,3.2816283118189333,2.9033624542001157,0.5762056913893306,64.6742739081673,0.2843291037222986,0.9725643706141042,0.0274356293858957,2.4999999903587997,0.5541308534849084,1.3972902980980948,0.1325471572069153,6.975833615081174,4.992401095589261,2020Q1,2020-01-01,2020-01-01,2020Q1,2020-03-31,2020,1577808000000000000,Q1,1161878162000.0,0.08588220911953925,0.15944407727914367,598747605000.0,0.03717502727460764,0.1113935861591755,0.5153273592554191,563130557000.0,0.14295163443170278,0.21531063847000875,0.48467264074458094,125809615000.0,0.05275975945424416,0.1289560120295159,0.10828124592981204,4.51,0.9029535864978901,15.46,0.16066066066066065,0.24176706827309258,12.4999999903588,0.8085381623776714,0.0,20.22731472925522,22.38033635187581,15.232858990944372,4.8352191190938925,5.3498861153245345,3.6413242201125082,332.5,346.0,235.5,274.0,20.94034104450356,0.18974226418562634
2020Q2,2020Q2,310698367000.0,0.0003257724330358,1231578054000.0,0.2196003359284404,0.0445230980649031,0.1364362895044197,146005542000.0,0.4699269693940812,607427902000.0,1.0957036803964677,0.0957036803964676,164692825000.0,33520709000.0,1733261000.0,6894405000.0,24893043000.0,131094538000.0,491747189000.0,0.3992821952314522,0.1473614414833249,5304100000.0,136398638000.0,120892514000.0,109009028000.0,0.5300730306059188,0.1078882690104386,0.4219350724814076,0.3890992899875782,15506124000.0,0.3508516283897945,120822193000.0,0.3888729579322185,0.0327855418119253,454913880000.0,0.4340895166860382,0.0438051124459535,70321000.0,4.66,17.55,0.4349959116925593,467613443000.0,38100739000.0,148708055000.0,85788094000.0,860031580000.0,2448664522000.0,0,614795728000.0,727451140000.0,56339981000.0,311146899000.0,24873338000.0,1441491990000.0,259303805000.0,259303805000.0,25930380500.0,1721213382000.0,2448664522000.0,467613443000.0,0.0855110519316702,170334959000.0,68981568000.0,1893684000.0,0,5912053000.0,-64825951000.0,-129750164000.0,-126698477000.0,36836214000.0,23.54205041066181,42.68299213494096,52.88106433658525,95.5640564715262,3.8229465331210255,2.1085682024228243,1.7019324616303984,40584795000.0,4.270709572895133,3.6093338185498376,0.7093211734650431,66.37825395581835,0.2970807693190402,0.961113248066304,0.0388867519336959,2.4999999903587997,0.5365400957421788,1.4226385569665527,0.1268848240371573,7.019594099344505,4.9342076840038445,2020Q2,2020-04-01,2020-04-01,2020Q2,2020-06-30,2020,1585670400000000000,Q2,1231578054000.0,0.05998898531668928,0.21960033592844042,607427902000.0,0.014497422499084589,0.0957036803964677,0.4932110474258256,624150152000.0,0.1083578119523001,0.3704074504583281,0.5067889525741744,132165329000.0,0.05051850766731936,0.17832459625777553,0.10731380651899794,9.17,0.856275303643725,17.55,0.13518758085381632,0.43499591169255925,14.9999999807176,0.8547008536021424,0.0,17.04368471035138,18.63247863247863,15.384615384615383,4.506244874500013,4.926312165692888,4.067597201030825,276.5,327.0,270.0,313.0,20.146505710959143,0.0934803981126342
2020Q3,2020Q3,356426204000.0,0.1471775904119895,1294958819000.0,0.2421445994454875,0.0445230980649031,0.1364362895044197,165945534000.0,0.4655817449381471,619760158000.0,1.085358853246582,0.0853588532465821,190480670000.0,40891355000.0,1935049000.0,9272555000.0,29683751000.0,150047349000.0,533907246000.0,0.4122966986798057,0.1710536685918966,5076654000.0,155124003000.0,137378151000.0,131942749000.0,0.5344182550618528,0.1147260065087694,0.4209773224193134,0.3854322422377227,17745852000.0,0.3701825160980588,137310040000.0,0.3852411479824867,0.1364637289773411,491154034000.0,0.491904962519032,0.0438051124459535,68111000.0,5.3,18.95,0.4933018124507486,604195113000.0,38909171000.0,161700332000.0,109509486000.0,1029673918000.0,2635572214000.0,0,588241723000.0,847305839000.0,56339982000.0,311146899000.0,36757795000.0,1513976388000.0,259303805000.0,259303805000.0,25930380500.0,1788266375000.0,2635572214000.0,604195113000.0,0.2920824284343767,190171227000.0,92824937000.0,1908139000.0,0,47434066000.0,-64825951000.0,-96079669000.0,-99305608000.0,136581670000.0,20.88303232071313,39.19009673879084,59.39209994045395,98.5821966792448,4.3097189439644845,2.2964985414521037,1.515353053524514,94091558000.0,4.45548915241526,3.093221473509239,0.7220337280570841,68.96413938083168,0.3214883790696998,0.9672735753215446,0.0327264246784554,2.4999999903587997,0.4721136997702426,1.4738141089299406,0.1352367436971317,7.678388517482469,5.209875839129635,2020Q3,2020-07-01,2020-07-01,2020Q3,2020-09-30,2020,1593532800000000000,Q3,1294958819000.0,0.05146305164674514,0.24214459944548739,619760158000.0,0.020302419364331303,0.0853588532465821,0.47859449189171477,675198661000.0,0.0817888273141043,0.43202286593832606,0.5214055081082852,141677731000.0,0.07197350524508583,0.2275581673950875,0.10940713242866451,14.469999999999999,0.6368778280542986,18.95,0.07977207977207978,0.49330181245074867,9.499999971076399,0.5013192596874089,0.0,21.690253458063484,24.61741424802111,16.56992084432718,5.9600584698160874,6.7643851455016035,4.553090966103974,315.0,466.5,314.0,433.0,20.52666598342653,0.08316078223332801
2020Q4,2020Q4,361533057000.0,0.0143279392555548,1339254811000.0,0.2516570328160201,0.0445230980649031,0.1364362895044197,166360613000.0,0.4601532550867125,628124691000.0,1.088063214081298,0.0880632140812981,195172444000.0,38321439000.0,1993455000.0,6387572000.0,29940412000.0,157120174000.0,566783698000.0,0.4232082598059078,0.1813880818311839,3987187000.0,161107361000.0,142824524000.0,127173692000.0,0.5398467449132874,0.1059970540951114,0.4345942119478164,0.3950524612746546,18282837000.0,0.3517622788225421,142766434000.0,0.3948917844046554,0.0397377642596273,517885387000.0,0.4999707035493813,0.0438051124459535,58090000.0,5.5,19.97,0.4992492492492491,660170647000.0,38987284000.0,145480272000.0,137353407000.0,1092185308000.0,2760711405000.0,0,617151048000.0,910089406000.0,56347243000.0,311146899000.0,42259146000.0,1588686081000.0,259303805000.0,259303805000.0,25930380500.0,1850621999000.0,2760711405000.0,660170647000.0,0.0926447976748199,259130584000.0,95648197000.0,1913689000.0,0,-101203795000.0,-64825952000.0,-90958613000.0,-88675011000.0,55975534000.0,21.070735505164315,38.23475312245098,74.30729189486696,112.54204501731796,4.271326930089438,2.35387945913408,1.211186650797821,168171971000.0,3.512087967200352,2.3816218003815406,0.5509439750268922,71.36887169858537,0.3296575673761887,0.9752513666957776,0.0247486333042225,2.5000000289236017,0.4540699811833921,1.4917748770368962,0.1309564832981881,7.714510801079048,5.171363936897997,2020Q4,2020-10-01,2020-10-01,2020Q4,2020-12-31,2020,1601481600000000000,Q4,1339254811000.0,0.03420648699408568,0.25165703281602014,628124691000.0,0.013496403232813092,0.08806321408129802,0.4690105914430051,711130120000.0,0.05321612893423677,0.44333729158230173,0.530989408556995,145056549000.0,0.023848617394924165,0.2138157932722613,0.10831138914609433,19.97,0.49924924924924907,19.97,0.05382585751978897,0.49924924924924907,10.0,0.5007511266900351,0.0,23.989555762214756,26.53980971457186,21.432148222333502,6.712610374375927,7.426206795567224,5.99701228019391,438.0,530.0,428.0,530.0,20.73770216497121,0.011873459549791354
2021Q1,2021Q1,362410230000.0,0.0024262594609709,1391067858000.0,0.1972579427824722,0.0445230980649031,0.1364362895044197,172570800000.0,0.4761753000184349,650882489000.0,1.08707322344947,0.08707322344947,189839430000.0,39111833000.0,1831230000.0,6524245000.0,30756358000.0,150538190000.0,588800251000.0,0.4232721269590286,0.1306880118468049,4526199000.0,155064389000.0,139738749000.0,145705759000.0,0.5238246999815651,0.1079214375377869,0.4153806309496285,0.385581690119509,15325640000.0,0.4020464847253346,139690493000.0,0.3854485371453228,-0.0215452674260954,540589160000.0,0.348585117373301,0.0438051124459535,48256000.0,5.39,20.85,0.3486416558861578,664727857000.0,36653115000.0,167143336000.0,154567568000.0,1139786823000.0,2919131461000.0,0,661648612000.0,978134499000.0,64753607000.0,311146899000.0,54679873000.0,1663271807000.0,259303805000.0,259303805000.0,25930380500.0,1940996962000.0,2919131461000.0,664727857000.0,0.0069030788035021,227815706000.0,98972867000.0,1927451000.0,0,14618457000.0,-64825951000.0,-244251414000.0,-248028725000.0,4557210000.0,19.724182509439604,38.81806084778568,80.61086301969974,119.4289238674854,4.562926750293848,2.318508396205318,1.116474835134884,-16435708000.0,4.293534085836909,2.904315174828201,0.6131732331044814,74.85416428810214,0.335077235152994,0.9708108416820318,0.0291891583179681,2.4999999903587997,0.4640684531051086,1.5039340700420942,0.1241500202515202,7.19684243380078,4.78534436925107,2021Q1,2021-01-01,2021-01-01,2021Q1,2021-03-31,2021,1609430400000000000,Q1,1391067858000.0,0.03868796779704087,0.19725794278247233,650882489000.0,0.03623133802266021,0.08707322344947,0.4679013214609118,740185369000.0,0.04085785172480105,0.31441165782804426,0.5320986785390882,151845336000.0,0.046800968634652884,0.20694539920498123,0.1091573895024178,5.39,0.19512195121951215,20.85,0.04406609914872317,0.3486416558861578,10.0,0.4796163069544364,0.0,29.130473399058527,32.565947242206235,25.323741007194243,8.114049180119032,9.070971621386803,7.0537157821682355,530.0,679.0,528.0,587.0,22.963491832422037,0.09661498748366926
2021Q2,2021Q2,372145122000.0,0.0268615265082335,1452514613000.0,0.1793930626503352,0.0445230980649031,0.1364362895044197,185910987000.0,0.4995658306653822,690787934000.0,1.137234446632318,0.1372344466323181,186234135000.0,40583423000.0,1883434000.0,7826613000.0,30873376000.0,145667205000.0,603372918000.0,0.4153988624966763,0.0906363414299683,3723870000.0,149391075000.0,134481716000.0,124280178000.0,0.5004341693346178,0.1090526802605785,0.3914258078062353,0.3613690145319169,14909359000.0,0.3339562193697113,134358942000.0,0.3610391055992398,-0.0381668851293981,554125909000.0,0.2180896942515801,0.0438051124459535,122774000.0,5.18,21.37,0.2176638176638174,747982082000.0,39725757000.0,177475493000.0,170438686000.0,1241104023000.0,3092815189000.0,0,647748947000.0,1098844616000.0,64753836000.0,311146899000.0,48392823000.0,1726322203000.0,259303805000.0,259303805000.0,25930380500.0,1993970573000.0,3092815189000.0,747982082000.0,0.1252455785074763,187439492000.0,101724186000.0,2080972000.0,0,75030682000.0,-64825951000.0,-169750998000.0,-166971104000.0,83254225000.0,18.487606867473627,41.6715049807908,82.50981820670987,124.18132318750068,4.868126017886203,2.159749210917317,1.0907792788310982,17688494000.0,5.862396468722824,3.4557762619203003,0.7168123460343139,76.897081128447,0.3552894527640008,0.9750730088795464,0.0249269911204534,2.4999999903587997,0.4824833392927432,1.5510836673716548,0.1203256901102861,6.738261026483063,4.344227953802901,2021Q2,2021-04-01,2021-04-01,2021Q2,2021-06-30,2021,1617206400000000000,Q2,1452514613000.0,0.04417236344483211,0.17939306265033528,690787934000.0,0.06130975356444113,0.1372344466323181,0.4755807121095036,761726679000.0,0.029102588219357184,0.22042216373601065,0.5244192878904964,158908050000.0,0.04651255142930433,0.202342938214908,0.10940203188165791,10.57,0.15267175572519087,21.369999999999997,0.024940047961630407,0.21766381766381748,10.0,0.46794571829667764,0.0,27.698550902521543,28.965839962564345,24.239588207767902,7.697535772497785,8.049720365406817,6.736276493183733,598.0,619.0,518.0,595.0,25.627208380464577,0.27204234561252383
2021Q3,2021Q3,414670379000.0,0.1142706285425931,1510758788000.0,0.1666462020519279,0.0445230980649031,0.1364362895044197,201821695000.0,0.4867039104329176,726664095000.0,1.172492432145017,0.1724924321450169,212848684000.0,41649916000.0,1853489000.0,8929793000.0,30866634000.0,171003548000.0,624329117000.0,0.413255327031068,0.0698260590787173,2848091000.0,173851639000.0,156479154000.0,155771830000.0,0.5132960895670824,0.100441020408646,0.4123842855918098,0.3773579255343917,17372485000.0,0.3756521755319301,156258287000.0,0.3768252928430173,0.1629913474608932,573074156000.0,0.1667911008138029,0.0438051124459535,220867000.0,6.03,22.1,0.1662269129287598,853811966000.0,41733233000.0,186309080000.0,182233752000.0,1370639169000.0,3332311884000.0,0,655621450000.0,1253991574000.0,64746864000.0,311146899000.0,58594043000.0,1811273605000.0,259303805000.0,259303805000.0,25930380500.0,2078320310000.0,3332311884000.0,853811966000.0,0.141487191400395,318706207000.0,104901744000.0,2125019000.0,0,-35324719000.0,-64825951000.0,-177020159000.0,-188639870000.0,105829884000.0,18.162837003227036,39.47787595650762,81.26498828582329,120.74286424233092,4.955173026328954,2.279757910459826,1.1074880080392573,141686048000.0,3.9346317908392665,2.0571342371126144,0.4902894376324462,80.15001206789078,0.3763127875337853,0.983617692554512,0.016382307445488,2.4999999903587997,0.4148640833365849,1.6033678100369428,0.1244392462155262,7.518489149538262,4.689185539633001,2021Q3,2021-07-01,2021-07-01,2021Q3,2021-09-30,2021,1625068800000000000,Q3,1510758788000.0,0.040098856478767875,0.16664620205192793,726664095000.0,0.05193512977602177,0.17249243214501697,0.4809927969785207,784094693000.0,0.029364881940809662,0.16127998808338861,0.5190072030214793,159666611000.0,0.004773584472278047,0.12697041287314237,0.1056863691730516,16.6,0.14720110573600564,22.099999999999998,0.03416003743565743,0.1662269129287599,10.0,0.4524886877828055,0.0,26.854496606334845,28.86877828054299,24.932126696832583,7.404669814613268,7.960073661119157,6.874609070966544,596.0,638.0,551.0,580.0,26.91826916753242,0.3113804837700649
2021Q4,2021Q4,438189306000.0,0.0567171618496531,1587415037000.0,0.1852972443792848,0.0445230980649031,0.1364362895044197,207574289000.0,0.4737091621309444,767877771000.0,1.2224925751247055,0.2224925751247056,230615017000.0,47877762000.0,1990438000.0,13648937000.0,32238387000.0,182771954000.0,649980897000.0,0.4094586997414212,0.0621220086847237,2047257000.0,184819211000.0,166373515000.0,163695911000.0,0.5262908378690556,0.1092627349513637,0.4171072901537218,0.3796841062113916,18445696000.0,0.3735734961090082,166232291000.0,0.3793618162831203,0.063830240248314,596540013000.0,0.1518765116266932,0.0438051124459535,141224000.0,6.41,23.01,0.1522283425137706,1064990192000.0,47285603000.0,197586109000.0,193102321000.0,1607072907000.0,3725503455000.0,0,739503358000.0,1554770250000.0,64761602000.0,311146899000.0,59304212000.0,1906829661000.0,259303805000.0,259303805000.0,25930380500.0,2170733205000.0,3725503455000.0,1064990192000.0,0.2473357535492774,378199317000.0,108588903000.0,2073727000.0,0,82284018000.0,-71308546000.0,-245343292000.0,-235556009000.0,211178226000.0,19.298380542688506,39.42424716544771,83.72524831338818,123.14949547883587,4.6636037568498425,2.2828590644307347,1.0749445575022374,132856025000.0,4.110981115283188,1.9553270584039688,0.4395362009604052,83.71389710228124,0.4173315818331458,0.9889229210052196,0.0110770789947804,2.749999985538199,0.4289692788990076,1.7162419805523728,0.1176188161661495,7.657886773791716,4.462008772986093,2021Q4,2021-10-01,2021-10-01,2021Q4,2021-12-31,2021,1633017600000000000,Q4,1587415037000.0,0.05074023041195108,0.18529724437928485,767877771000.0,0.05671626860826251,0.22249257512470555,0.4837284220585344,819537266000.0,0.04520190394911916,0.15244347405788417,0.5162715779414656,169222934000.0,0.05985173067899585,0.16659975138385508,0.10660282916294436,23.009999999999998,0.1522283425137707,23.009999999999998,0.04117647058823537,0.1522283425137707,10.249999956614598,0.44545849442045193,0.0,26.01450456323338,27.07518470230335,24.33724467622773,7.150470480052326,7.442014068928383,6.6894508484749515,579.0,623.0,560.0,615.0,27.424506367787075,0.3224467276857117
2022Q1,2022Q1,491075873000.0,0.1206934223994959,1716080680000.0,0.2336426797088715,0.0445230980649031,0.1364362895044197,217872707000.0,0.4436640425215922,813179678000.0,1.2493494474699258,0.2493494474699257,273203166000.0,48611190000.0,2062623000.0,10500027000.0,36048540000.0,223790118000.0,723232825000.0,0.4214445354632161,0.0966398391184738,3041578000.0,226831696000.0,202873374000.0,218284591000.0,0.5563359574784078,0.0989891637376369,0.4557139340461957,0.4131202226666917,23958322000.0,0.4445027805306167,202732975000.0,0.4128343218360475,0.2195763758077544,659582495000.0,0.2201178710279725,0.0438051124459535,140399000.0,7.82,25.44,0.2201438848920861,1151589646000.0,48653183000.0,212846891000.0,200118682000.0,1722237632000.0,3992676667000.0,0,822867707000.0,1671207913000.0,65215135000.0,311146899000.0,62608515000.0,2038261537000.0,259317675000.0,259317675000.0,25931767500.0,2321468754000.0,3992676667000.0,1151589646000.0,0.0813147901741427,372169688000.0,108934265000.0,2167798000.0,0,-19086188000.0,-71308546000.0,-288073791000.0,-262134719000.0,86599454000.0,19.815448338832088,37.61024724584667,82.66607427794983,120.2763215237965,4.541910859701727,2.392964859063477,1.0887174791606913,84095897000.0,4.490446070395717,2.211001415569341,0.5447326355068444,89.52219527650786,0.4185683070238956,0.986591036201572,0.0134089637984278,2.749852897609081,0.351736297462216,1.7198924862203853,0.1229941500294293,8.732961606770779,5.077620651720056,2022Q1,2022-01-01,2022-01-01,2022Q1,2022-03-31,2022,1640966400000000000,Q1,1716080680000.0,0.0810535619236421,0.23364267970887154,813179678000.0,0.05899624746397292,0.24934944746992582,0.473858652146821,902901002000.0,0.10172049455039667,0.21983092319135,0.526141347853179,178722291000.0,0.05613516309792854,0.17700217674120733,0.10414562268715712,7.82,0.4508348794063082,25.439999999999998,0.105606258148631,0.22014388489208603,10.499852863864879,0.4127300654034937,5.348938092142319e-05,24.320530098831988,27.044025157232706,21.816037735849058,6.911294833680725,7.685244959364204,6.199579872742927,619.0,688.0,555.0,597.0,26.22202054273044,0.1419004014758638
